#Codon	AA	Fraction	Fréquence	Nombre		#Codon	AA	Fraction	Fréquence	Nombre
TGA	*	0.443	1.409	820		AAC	N	0.651	19.805	11529
TAA	*	0.39	1.239	721		AAT	N	0.349	10.639	6193
TAG	*	0.167	0.533	310		CCA	P	0.382	17.981	10467
GCG	A	0.263	28.992	16877		CCG	P	0.321	15.107	8794
GCA	A	0.258	28.396	16530		CCT	P	0.192	9.017	5249
GCC	A	0.247	27.19	15828		CCC	P	0.105	4.937	2874
GCT	A	0.232	25.581	14891		CAG	Q	0.558	17.605	10248
TGC	C	0.585	4.343	2528		CAA	Q	0.442	13.942	8116
TGT	C	0.415	3.082	1794		CGC	R	0.385	23.225	13520
GAT	D	0.677	39.794	23165		CGT	R	0.303	18.274	10638
GAC	D	0.323	19.017	11070		CGG	R	0.166	9.988	5814
GAA	E	0.743	45.023	26209		CGA	R	0.092	5.576	3246
GAG	E	0.257	15.557	9056		AGG	R	0.028	1.708	994
TTC	F	0.643	22.265	12961		AGA	R	0.026	1.563	910
TTT	F	0.357	12.384	7209		TCG	S	0.252	15.308	8911
GGC	G	0.4	31.84	18535		TCC	S	0.217	13.164	7663
GGT	G	0.251	20.004	11645		TCT	S	0.199	12.052	7016
GGA	G	0.181	14.449	8411		TCA	S	0.139	8.417	4900
GGG	G	0.168	13.355	7774		AGC	S	0.12	7.292	4245
CAC	H	0.615	13.994	8146		AGT	S	0.073	4.408	2566
CAT	H	0.385	8.775	5108		ACC	T	0.348	21.014	12233
ATC	I	0.542	31.249	18191		ACG	T	0.28	16.928	9854
ATT	I	0.404	23.285	13555		ACT	T	0.199	12.04	7009
ATA	I	0.053	3.08	1793		ACA	T	0.173	10.455	6086
AAG	K	0.61	23.425	13636		GTG	V	0.37	30.66	17848
AAA	K	0.39	15	8732		GTT	V	0.355	29.416	17124
CTC	L	0.245	22.677	13201		GTC	V	0.153	12.676	7379
TTG	L	0.228	21.142	12307		GTA	V	0.123	10.161	5915
CTT	L	0.202	18.697	10884		TGG	W	1	14	8150
CTG	L	0.191	17.677	10290		TAC	Y	0.607	14.497	8439
CTA	L	0.07	6.452	3756		TAT	Y	0.393	9.374	5457
TTA	L	0.064	5.949	3463						
ATG	M	1	22.916	13340						
