#Codon	AA	Fraction	Frequency	Number
GCA	A	0.278	29.072	16647
GCC	A	0.241	25.205	14433
GCG	A	0.198	20.689	11847
GCT	A	0.283	29.527	16908
TGC	C	0.493	3.329	1906
TGT	C	0.507	3.428	1963
GAC	D	0.331	19.783	11328
GAT	D	0.669	39.993	22901
GAA	E	0.669	39.036	22353
GAG	E	0.331	19.357	11084
TTC	F	0.541	18.653	10681
TTT	F	0.459	15.848	9075
GGA	G	0.215	16.603	9507
GGC	G	0.323	24.997	14314
GGG	G	0.142	11.021	6311
GGT	G	0.320	24.770	14184
CAC	H	0.505	11.847	6784
CAT	H	0.495	11.596	6640
ATA	I	0.092	5.580	3195
ATC	I	0.452	27.488	15740
ATT	I	0.456	27.767	15900
AAA	K	0.495	16.891	9672
AAG	K	0.505	17.198	9848
CTA	L	0.119	11.357	6503
CTC	L	0.209	19.971	11436
CTG	L	0.143	13.690	7839
CTT	L	0.182	17.350	9935
TTA	L	0.140	13.323	7629
TTG	L	0.207	19.722	11293
ATG	M	1.000	21.980	12586
AAC	N	0.540	16.569	9488
AAT	N	0.460	14.139	8096
CCA	P	0.360	16.912	9684
CCC	P	0.154	7.254	4154
CCG	P	0.302	14.184	8122
CCT	P	0.184	8.667	4963
CAA	Q	0.584	22.289	12763
CAG	Q	0.416	15.908	9109
AGA	R	0.032	1.911	1094
AGG	R	0.022	1.327	760
CGA	R	0.153	9.257	5301
CGC	R	0.374	22.670	12981
CGG	R	0.146	8.845	5065
CGT	R	0.273	16.561	9483
AGC	S	0.129	8.161	4673
AGT	S	0.116	7.310	4186
TCA	S	0.186	11.774	6742
TCC	S	0.159	10.028	5742
TCG	S	0.217	13.695	7842
TCT	S	0.194	12.251	7015
ACA	T	0.166	10.003	5728
ACC	T	0.359	21.706	12429
ACG	T	0.210	12.707	7276
ACT	T	0.265	15.993	9158
GTA	V	0.151	12.087	6921
GTC	V	0.232	18.627	10666
GTG	V	0.244	19.535	11186
GTT	V	0.373	29.872	17105
TGG	W	1.000	13.967	7998
TAC	Y	0.458	11.716	6709
TAT	Y	0.542	13.877	7946
TAA	*	0.416	1.301	745
TAG	*	0.218	0.681	390
TGA	*	0.367	1.147	657
